t,year,epi_week,year_week,reported_cases,reported_deaths,mcv1,mcv2,dropout_model,sia_active,sia_coverage_weekly,sia_coverage_total,sia_age_group,line_list_cases,line_list_deaths,median_age_years,mean_reporting_delay_days,specimen_tested_cases,lab_confirmed_cases,confirmed_lab_or_epi_cases,national_model_quality_flag,usable_for_initial_national_model,national_population,births,weekly_births,crude_death_rate,weekly_mortality_rate,has_demography,demographic_quality_flag
1,2020,1,2020-W01,799,1,0.5641261574823331,0.48944431468207855,0.13238500255608757,FALSE,0,0,NA,110,1,4,9.853658536585366,41,39,108,contains_adjusted_vaccination_inputs,TRUE,118917671,3960548,74727.32075471699,0.00629,1.1867924528301886e-4,TRUE,ok
2,2020,2,2020-W02,786,3,0.5641261574823331,0.48944431468207855,0.13238500255608757,FALSE,0,0,NA,184,0,5,4.925925925925926,54,53,183,contains_adjusted_vaccination_inputs,TRUE,118917671,3960548,74727.32075471699,0.00629,1.1867924528301886e-4,TRUE,ok
3,2020,3,2020-W03,754,4,0.5641261574823331,0.48944431468207855,0.13238500255608757,FALSE,0,0,NA,116,1,5,5.338983050847458,59,53,110,contains_adjusted_vaccination_inputs,TRUE,118917671,3960548,74727.32075471699,0.00629,1.1867924528301886e-4,TRUE,ok
4,2020,4,2020-W04,665,5,0.5641261574823331,0.48944431468207855,0.13238500255608757,FALSE,0,0,NA,145,0,5.5,4,76,74,143,contains_adjusted_vaccination_inputs,TRUE,118917671,3960548,74727.32075471699,0.00629,1.1867924528301886e-4,TRUE,ok
5,2020,5,2020-W05,762,0,0.5641261574823331,0.48944431468207855,0.13238500255608757,FALSE,0,0,NA,248,0,7.5,4.873239436619718,71,68,245,contains_adjusted_vaccination_inputs,TRUE,118917671,3960548,74727.32075471699,0.00629,1.1867924528301886e-4,TRUE,ok
6,2020,6,2020-W06,916,1,0.5641261574823331,0.48944431468207855,0.13238500255608757,FALSE,0,0,NA,174,0,5,4.472222222222222,72,68,170,contains_adjusted_vaccination_inputs,TRUE,118917671,3960548,74727.32075471699,0.00629,1.1867924528301886e-4,TRUE,ok
7,2020,7,2020-W07,888,5,0.5641261574823331,0.48944431468207855,0.13238500255608757,FALSE,0,0,NA,133,0,7,5.323943661971831,71,64,126,contains_adjusted_vaccination_inputs,TRUE,118917671,3960548,74727.32075471699,0.00629,1.1867924528301886e-4,TRUE,ok
8,2020,8,2020-W08,1974,7,0.5641261574823331,0.48944431468207855,0.13238500255608757,FALSE,0,0,NA,249,1,3,3.3805309734513274,113,110,246,contains_adjusted_vaccination_inputs,TRUE,118917671,3960548,74727.32075471699,0.00629,1.1867924528301886e-4,TRUE,ok
9,2020,9,2020-W09,2254,9,0.5641261574823331,0.48944431468207855,0.13238500255608757,FALSE,0,0,NA,137,0,3,4.681818181818182,66,58,129,contains_adjusted_vaccination_inputs,TRUE,118917671,3960548,74727.32075471699,0.00629,1.1867924528301886e-4,TRUE,ok
10,2020,10,2020-W10,1299,1,0.5641261574823331,0.48944431468207855,0.13238500255608757,FALSE,0,0,NA,74,0,8,4.260869565217392,69,66,71,contains_adjusted_vaccination_inputs,TRUE,118917671,3960548,74727.32075471699,0.00629,1.1867924528301886e-4,TRUE,ok
11,2020,11,2020-W11,890,2,0.5641261574823331,0.48944431468207855,0.13238500255608757,FALSE,0,0,NA,70,0,5,4.318181818181818,66,61,65,contains_adjusted_vaccination_inputs,TRUE,118917671,3960548,74727.32075471699,0.00629,1.1867924528301886e-4,TRUE,ok
12,2020,12,2020-W12,947,1,0.5641261574823331,0.48944431468207855,0.13238500255608757,FALSE,0,0,NA,22,0,5,4.333333333333333,18,17,21,contains_adjusted_vaccination_inputs,TRUE,118917671,3960548,74727.32075471699,0.00629,1.1867924528301886e-4,TRUE,ok
13,2020,13,2020-W13,835,9,0.5641261574823331,0.48944431468207855,0.13238500255608757,FALSE,0,0,NA,33,0,5.916666666666667,5.333333333333333,18,16,31,contains_adjusted_vaccination_inputs,TRUE,118917671,3960548,74727.32075471699,0.00629,1.1867924528301886e-4,TRUE,ok
14,2020,14,2020-W14,617,2,0.5641261574823331,0.48944431468207855,0.13238500255608757,FALSE,0,0,NA,25,1,3,5,7,7,25,contains_adjusted_vaccination_inputs,TRUE,118917671,3960548,74727.32075471699,0.00629,1.1867924528301886e-4,TRUE,ok
15,2020,15,2020-W15,512,8,0.5641261574823331,0.48944431468207855,0.13238500255608757,FALSE,0,0,NA,40,1,5,4.25,8,8,40,contains_adjusted_vaccination_inputs,TRUE,118917671,3960548,74727.32075471699,0.00629,1.1867924528301886e-4,TRUE,ok
16,2020,16,2020-W16,530,7,0.5641261574823331,0.48944431468207855,0.13238500255608757,FALSE,0,0,NA,15,0,4,7.2,10,7,12,contains_adjusted_vaccination_inputs,TRUE,118917671,3960548,74727.32075471699,0.00629,1.1867924528301886e-4,TRUE,ok
17,2020,17,2020-W17,563,2,0.5641261574823331,0.48944431468207855,0.13238500255608757,FALSE,0,0,NA,19,0,7,5.7894736842105265,19,17,17,contains_adjusted_vaccination_inputs,TRUE,118917671,3960548,74727.32075471699,0.00629,1.1867924528301886e-4,TRUE,ok
18,2020,18,2020-W18,516,1,0.5641261574823331,0.48944431468207855,0.13238500255608757,FALSE,0,0,NA,19,0,6,7.2105263157894735,19,16,16,contains_adjusted_vaccination_inputs,TRUE,118917671,3960548,74727.32075471699,0.00629,1.1867924528301886e-4,TRUE,ok
19,2020,19,2020-W19,401,2,0.5641261574823331,0.48944431468207855,0.13238500255608757,FALSE,0,0,NA,7,0,4.75,15.285714285714286,7,6,6,contains_adjusted_vaccination_inputs,TRUE,118917671,3960548,74727.32075471699,0.00629,1.1867924528301886e-4,TRUE,ok
20,2020,20,2020-W20,536,9,0.5641261574823331,0.48944431468207855,0.13238500255608757,FALSE,0,0,NA,14,0,3,19.75,14,12,12,contains_adjusted_vaccination_inputs,TRUE,118917671,3960548,74727.32075471699,0.00629,1.1867924528301886e-4,TRUE,ok
21,2020,21,2020-W21,359,1,0.5641261574823331,0.48944431468207855,0.13238500255608757,FALSE,0,0,NA,4,0,3.5,3.75,4,3,3,contains_adjusted_vaccination_inputs,TRUE,118917671,3960548,74727.32075471699,0.00629,1.1867924528301886e-4,TRUE,ok
22,2020,22,2020-W22,322,0,0.5641261574823331,0.48944431468207855,0.13238500255608757,FALSE,0,0,NA,11,0,5,2.5555555555555554,11,9,9,contains_adjusted_vaccination_inputs,TRUE,118917671,3960548,74727.32075471699,0.00629,1.1867924528301886e-4,TRUE,ok
23,2020,23,2020-W23,295,1,0.5641261574823331,0.48944431468207855,0.13238500255608757,FALSE,0,0,NA,6,0,5,38.75,6,6,6,contains_adjusted_vaccination_inputs,TRUE,118917671,3960548,74727.32075471699,0.00629,1.1867924528301886e-4,TRUE,ok
24,2020,24,2020-W24,423,2,0.5641261574823331,0.48944431468207855,0.13238500255608757,FALSE,0,0,NA,7,0,6,42.285714285714285,7,7,7,contains_adjusted_vaccination_inputs,TRUE,118917671,3960548,74727.32075471699,0.00629,1.1867924528301886e-4,TRUE,ok
25,2020,25,2020-W25,192,0,0.5641261574823331,0.48944431468207855,0.13238500255608757,FALSE,0,0,NA,0,0,NA,NA,0,0,0,contains_adjusted_vaccination_inputs,TRUE,118917671,3960548,74727.32075471699,0.00629,1.1867924528301886e-4,TRUE,ok
26,2020,26,2020-W26,81,2,0.5641261574823331,0.48944431468207855,0.13238500255608757,FALSE,0,0,NA,2,0,5.333333333333333,2,2,0,0,contains_adjusted_vaccination_inputs,TRUE,118917671,3960548,74727.32075471699,0.00629,1.1867924528301886e-4,TRUE,ok
27,2020,27,2020-W27,111,0,0.5641261574823331,0.48944431468207855,0.13238500255608757,TRUE,0.5,1,9–59 months,1,0,2,8,1,1,1,contains_adjusted_vaccination_inputs,TRUE,118917671,3960548,74727.32075471699,0.00629,1.1867924528301886e-4,TRUE,ok
28,2020,28,2020-W28,91,2,0.5641261574823331,0.48944431468207855,0.13238500255608757,TRUE,0.5,1,9–59 months,4,0,2.5,2.75,4,2,2,contains_adjusted_vaccination_inputs,TRUE,118917671,3960548,74727.32075471699,0.00629,1.1867924528301886e-4,TRUE,ok
29,2020,29,2020-W29,102,1,0.5641261574823331,0.48944431468207855,0.13238500255608757,FALSE,0,0,NA,3,0,2,3.3333333333333335,3,1,1,contains_adjusted_vaccination_inputs,TRUE,118917671,3960548,74727.32075471699,0.00629,1.1867924528301886e-4,TRUE,ok
30,2020,30,2020-W30,138,0,0.5641261574823331,0.48944431468207855,0.13238500255608757,FALSE,0,0,NA,10,0,5.5,2.2,10,7,7,contains_adjusted_vaccination_inputs,TRUE,118917671,3960548,74727.32075471699,0.00629,1.1867924528301886e-4,TRUE,ok
31,2020,31,2020-W31,40,0,0.5641261574823331,0.48944431468207855,0.13238500255608757,FALSE,0,0,NA,2,0,8.416666666666666,4,2,2,2,contains_adjusted_vaccination_inputs,TRUE,118917671,3960548,74727.32075471699,0.00629,1.1867924528301886e-4,TRUE,ok
32,2020,32,2020-W32,48,0,0.5641261574823331,0.48944431468207855,0.13238500255608757,FALSE,0,0,NA,2,0,12.5,18,2,0,0,contains_adjusted_vaccination_inputs,TRUE,118917671,3960548,74727.32075471699,0.00629,1.1867924528301886e-4,TRUE,ok
33,2020,33,2020-W33,48,0,0.5641261574823331,0.48944431468207855,0.13238500255608757,FALSE,0,0,NA,2,0,6,4,2,2,2,contains_adjusted_vaccination_inputs,TRUE,118917671,3960548,74727.32075471699,0.00629,1.1867924528301886e-4,TRUE,ok
34,2020,34,2020-W34,138,0,0.5641261574823331,0.48944431468207855,0.13238500255608757,FALSE,0,0,NA,0,0,NA,NA,0,0,0,contains_adjusted_vaccination_inputs,TRUE,118917671,3960548,74727.32075471699,0.00629,1.1867924528301886e-4,TRUE,ok
35,2020,35,2020-W35,84,4,0.5641261574823331,0.48944431468207855,0.13238500255608757,FALSE,0,0,NA,0,0,NA,NA,0,0,0,contains_adjusted_vaccination_inputs,TRUE,118917671,3960548,74727.32075471699,0.00629,1.1867924528301886e-4,TRUE,ok
36,2020,36,2020-W36,44,0,0.5641261574823331,0.48944431468207855,0.13238500255608757,FALSE,0,0,NA,1,0,1.25,0,1,1,1,contains_adjusted_vaccination_inputs,TRUE,118917671,3960548,74727.32075471699,0.00629,1.1867924528301886e-4,TRUE,ok
37,2020,37,2020-W37,45,0,0.5641261574823331,0.48944431468207855,0.13238500255608757,FALSE,0,0,NA,0,0,NA,NA,0,0,0,contains_adjusted_vaccination_inputs,TRUE,118917671,3960548,74727.32075471699,0.00629,1.1867924528301886e-4,TRUE,ok
38,2020,38,2020-W38,35,0,0.5641261574823331,0.48944431468207855,0.13238500255608757,FALSE,0,0,NA,3,0,5,2.6666666666666665,3,2,2,contains_adjusted_vaccination_inputs,TRUE,118917671,3960548,74727.32075471699,0.00629,1.1867924528301886e-4,TRUE,ok
39,2020,39,2020-W39,35,0,0.5641261574823331,0.48944431468207855,0.13238500255608757,FALSE,0,0,NA,2,0,1.9166666666666667,6.5,2,1,1,contains_adjusted_vaccination_inputs,TRUE,118917671,3960548,74727.32075471699,0.00629,1.1867924528301886e-4,TRUE,ok
40,2020,40,2020-W40,41,0,0.5641261574823331,0.48944431468207855,0.13238500255608757,FALSE,0,0,NA,0,0,NA,NA,0,0,0,contains_adjusted_vaccination_inputs,TRUE,118917671,3960548,74727.32075471699,0.00629,1.1867924528301886e-4,TRUE,ok
41,2020,41,2020-W41,42,0,0.5641261574823331,0.48944431468207855,0.13238500255608757,FALSE,0,0,NA,1,0,5,2,1,1,1,contains_adjusted_vaccination_inputs,TRUE,118917671,3960548,74727.32075471699,0.00629,1.1867924528301886e-4,TRUE,ok
42,2020,42,2020-W42,24,0,0.5641261574823331,0.48944431468207855,0.13238500255608757,FALSE,0,0,NA,4,0,5,6,4,3,3,contains_adjusted_vaccination_inputs,TRUE,118917671,3960548,74727.32075471699,0.00629,1.1867924528301886e-4,TRUE,ok
43,2020,43,2020-W43,23,0,0.5641261574823331,0.48944431468207855,0.13238500255608757,FALSE,0,0,NA,0,0,NA,NA,0,0,0,contains_adjusted_vaccination_inputs,TRUE,118917671,3960548,74727.32075471699,0.00629,1.1867924528301886e-4,TRUE,ok
44,2020,44,2020-W44,19,0,0.5641261574823331,0.48944431468207855,0.13238500255608757,FALSE,0,0,NA,0,0,NA,NA,0,0,0,contains_adjusted_vaccination_inputs,TRUE,118917671,3960548,74727.32075471699,0.00629,1.1867924528301886e-4,TRUE,ok
45,2020,45,2020-W45,9,0,0.5641261574823331,0.48944431468207855,0.13238500255608757,FALSE,0,0,NA,0,0,NA,NA,0,0,0,contains_adjusted_vaccination_inputs,TRUE,118917671,3960548,74727.32075471699,0.00629,1.1867924528301886e-4,TRUE,ok
46,2020,46,2020-W46,10,0,0.5641261574823331,0.48944431468207855,0.13238500255608757,FALSE,0,0,NA,0,0,NA,NA,0,0,0,contains_adjusted_vaccination_inputs,TRUE,118917671,3960548,74727.32075471699,0.00629,1.1867924528301886e-4,TRUE,ok
47,2020,47,2020-W47,7,0,0.5641261574823331,0.48944431468207855,0.13238500255608757,FALSE,0,0,NA,0,0,NA,NA,0,0,0,contains_adjusted_vaccination_inputs,TRUE,118917671,3960548,74727.32075471699,0.00629,1.1867924528301886e-4,TRUE,ok
48,2020,48,2020-W48,15,0,0.5641261574823331,0.48944431468207855,0.13238500255608757,FALSE,0,0,NA,8,0,6.5,3.125,8,8,8,contains_adjusted_vaccination_inputs,TRUE,118917671,3960548,74727.32075471699,0.00629,1.1867924528301886e-4,TRUE,ok
49,2020,49,2020-W49,25,0,0.5641261574823331,0.48944431468207855,0.13238500255608757,FALSE,0,0,NA,6,0,5.5,5.166666666666667,6,5,5,contains_adjusted_vaccination_inputs,TRUE,118917671,3960548,74727.32075471699,0.00629,1.1867924528301886e-4,TRUE,ok
50,2020,50,2020-W50,16,0,0.5641261574823331,0.48944431468207855,0.13238500255608757,FALSE,0,0,NA,13,0,2,4.5,8,6,11,contains_adjusted_vaccination_inputs,TRUE,118917671,3960548,74727.32075471699,0.00629,1.1867924528301886e-4,TRUE,ok
51,2020,51,2020-W51,19,0,0.5641261574823331,0.48944431468207855,0.13238500255608757,FALSE,0,0,NA,8,0,3,4,1,1,8,contains_adjusted_vaccination_inputs,TRUE,118917671,3960548,74727.32075471699,0.00629,1.1867924528301886e-4,TRUE,ok
52,2020,52,2020-W52,20,0,0.5641261574823331,0.48944431468207855,0.13238500255608757,FALSE,0,0,NA,8,0,3.5,2,4,3,7,contains_adjusted_vaccination_inputs,TRUE,118917671,3960548,74727.32075471699,0.00629,1.1867924528301886e-4,TRUE,ok
53,2020,53,2020-W53,21,0,0.5641261574823331,0.48944431468207855,0.13238500255608757,FALSE,0,0,NA,0,0,NA,NA,0,0,0,contains_adjusted_vaccination_inputs,TRUE,118917671,3960548,74727.32075471699,0.00629,1.1867924528301886e-4,TRUE,ok
54,2021,1,2021-W01,32,1,0.5349653361601701,0.4959119935321235,0.07300163204659267,FALSE,0,0,NA,6,0,4,3.75,4,4,6,contains_adjusted_vaccination_inputs,TRUE,122138588,4015628,77223.61538461539,0.00664,1.276923076923077e-4,TRUE,ok
55,2021,2,2021-W02,39,0,0.5349653361601701,0.4959119935321235,0.07300163204659267,FALSE,0,0,NA,15,0,4,2.5,3,3,15,contains_adjusted_vaccination_inputs,TRUE,122138588,4015628,77223.61538461539,0.00664,1.276923076923077e-4,TRUE,ok
56,2021,3,2021-W03,95,5,0.5349653361601701,0.4959119935321235,0.07300163204659267,FALSE,0,0,NA,25,0,6.166666666666667,4.85,20,16,21,contains_adjusted_vaccination_inputs,TRUE,122138588,4015628,77223.61538461539,0.00664,1.276923076923077e-4,TRUE,ok
57,2021,4,2021-W04,49,0,0.5349653361601701,0.4959119935321235,0.07300163204659267,FALSE,0,0,NA,15,0,5,6.625,8,8,15,contains_adjusted_vaccination_inputs,TRUE,122138588,4015628,77223.61538461539,0.00664,1.276923076923077e-4,TRUE,ok
58,2021,5,2021-W05,81,3,0.5349653361601701,0.4959119935321235,0.07300163204659267,FALSE,0,0,NA,31,0,4,3.631578947368421,19,18,30,contains_adjusted_vaccination_inputs,TRUE,122138588,4015628,77223.61538461539,0.00664,1.276923076923077e-4,TRUE,ok
59,2021,6,2021-W06,58,0,0.5349653361601701,0.4959119935321235,0.07300163204659267,FALSE,0,0,NA,17,1,4.333333333333333,6.461538461538462,13,11,15,contains_adjusted_vaccination_inputs,TRUE,122138588,4015628,77223.61538461539,0.00664,1.276923076923077e-4,TRUE,ok
60,2021,7,2021-W07,77,0,0.5349653361601701,0.4959119935321235,0.07300163204659267,FALSE,0,0,NA,29,0,4,6.545454545454546,11,11,29,contains_adjusted_vaccination_inputs,TRUE,122138588,4015628,77223.61538461539,0.00664,1.276923076923077e-4,TRUE,ok
61,2021,8,2021-W08,54,0,0.5349653361601701,0.4959119935321235,0.07300163204659267,FALSE,0,0,NA,44,0,4,5.5,8,7,43,contains_adjusted_vaccination_inputs,TRUE,122138588,4015628,77223.61538461539,0.00664,1.276923076923077e-4,TRUE,ok
62,2021,9,2021-W09,51,0,0.5349653361601701,0.4959119935321235,0.07300163204659267,FALSE,0,0,NA,36,0,6.5,6.4,10,9,35,contains_adjusted_vaccination_inputs,TRUE,122138588,4015628,77223.61538461539,0.00664,1.276923076923077e-4,TRUE,ok
63,2021,10,2021-W10,98,2,0.5349653361601701,0.4959119935321235,0.07300163204659267,FALSE,0,0,NA,65,0,7,8.764705882352942,17,14,62,contains_adjusted_vaccination_inputs,TRUE,122138588,4015628,77223.61538461539,0.00664,1.276923076923077e-4,TRUE,ok
64,2021,11,2021-W11,60,0,0.5349653361601701,0.4959119935321235,0.07300163204659267,FALSE,0,0,NA,57,1,7,6.8125,16,15,56,contains_adjusted_vaccination_inputs,TRUE,122138588,4015628,77223.61538461539,0.00664,1.276923076923077e-4,TRUE,ok
65,2021,12,2021-W12,128,0,0.5349653361601701,0.4959119935321235,0.07300163204659267,FALSE,0,0,NA,100,1,8,4.0588235294117645,17,14,97,contains_adjusted_vaccination_inputs,TRUE,122138588,4015628,77223.61538461539,0.00664,1.276923076923077e-4,TRUE,ok
66,2021,13,2021-W13,151,2,0.5349653361601701,0.4959119935321235,0.07300163204659267,FALSE,0,0,NA,62,0,12.5,4.266666666666667,15,14,61,contains_adjusted_vaccination_inputs,TRUE,122138588,4015628,77223.61538461539,0.00664,1.276923076923077e-4,TRUE,ok
67,2021,14,2021-W14,52,1,0.5349653361601701,0.4959119935321235,0.07300163204659267,FALSE,0,0,NA,37,0,9,5.666666666666667,3,2,36,contains_adjusted_vaccination_inputs,TRUE,122138588,4015628,77223.61538461539,0.00664,1.276923076923077e-4,TRUE,ok
68,2021,15,2021-W15,63,0,0.5349653361601701,0.4959119935321235,0.07300163204659267,FALSE,0,0,NA,41,0,8,4.555555555555555,9,6,38,contains_adjusted_vaccination_inputs,TRUE,122138588,4015628,77223.61538461539,0.00664,1.276923076923077e-4,TRUE,ok
69,2021,16,2021-W16,45,1,0.5349653361601701,0.4959119935321235,0.07300163204659267,FALSE,0,0,NA,10,0,6,5,6,5,9,contains_geo_week_deaths_exceed_cases,TRUE,122138588,4015628,77223.61538461539,0.00664,1.276923076923077e-4,TRUE,ok
70,2021,17,2021-W17,26,0,0.5349653361601701,0.4959119935321235,0.07300163204659267,FALSE,0,0,NA,8,0,6,14.333333333333334,3,3,8,contains_adjusted_vaccination_inputs,TRUE,122138588,4015628,77223.61538461539,0.00664,1.276923076923077e-4,TRUE,ok
71,2021,18,2021-W18,36,1,0.5349653361601701,0.4959119935321235,0.07300163204659267,FALSE,0,0,NA,9,0,7,6.571428571428571,7,5,7,contains_adjusted_vaccination_inputs,TRUE,122138588,4015628,77223.61538461539,0.00664,1.276923076923077e-4,TRUE,ok
72,2021,19,2021-W19,36,0,0.5349653361601701,0.4959119935321235,0.07300163204659267,FALSE,0,0,NA,12,0,8,5.363636363636363,11,9,10,contains_adjusted_vaccination_inputs,TRUE,122138588,4015628,77223.61538461539,0.00664,1.276923076923077e-4,TRUE,ok
73,2021,20,2021-W20,39,0,0.5349653361601701,0.4959119935321235,0.07300163204659267,FALSE,0,0,NA,7,0,14,4.857142857142857,7,6,6,contains_adjusted_vaccination_inputs,TRUE,122138588,4015628,77223.61538461539,0.00664,1.276923076923077e-4,TRUE,ok
74,2021,21,2021-W21,43,0,0.5349653361601701,0.4959119935321235,0.07300163204659267,FALSE,0,0,NA,9,0,7,5,7,4,6,contains_adjusted_vaccination_inputs,TRUE,122138588,4015628,77223.61538461539,0.00664,1.276923076923077e-4,TRUE,ok
75,2021,22,2021-W22,50,0,0.5349653361601701,0.4959119935321235,0.07300163204659267,FALSE,0,0,NA,12,0,4,6,12,11,11,contains_adjusted_vaccination_inputs,TRUE,122138588,4015628,77223.61538461539,0.00664,1.276923076923077e-4,TRUE,ok
76,2021,23,2021-W23,42,0,0.5349653361601701,0.4959119935321235,0.07300163204659267,FALSE,0,0,NA,9,0,10,8.375,8,7,8,contains_adjusted_vaccination_inputs,TRUE,122138588,4015628,77223.61538461539,0.00664,1.276923076923077e-4,TRUE,ok
77,2021,24,2021-W24,42,0,0.5349653361601701,0.4959119935321235,0.07300163204659267,FALSE,0,0,NA,29,0,8,6.294117647058823,17,14,26,contains_adjusted_vaccination_inputs,TRUE,122138588,4015628,77223.61538461539,0.00664,1.276923076923077e-4,TRUE,ok
78,2021,25,2021-W25,81,0,0.5349653361601701,0.4959119935321235,0.07300163204659267,FALSE,0,0,NA,73,0,3,5.1,10,9,72,contains_adjusted_vaccination_inputs,TRUE,122138588,4015628,77223.61538461539,0.00664,1.276923076923077e-4,TRUE,ok
79,2021,26,2021-W26,36,0,0.5349653361601701,0.4959119935321235,0.07300163204659267,FALSE,0,0,NA,27,0,2,6.1,10,9,26,contains_adjusted_vaccination_inputs,TRUE,122138588,4015628,77223.61538461539,0.00664,1.276923076923077e-4,TRUE,ok
80,2021,27,2021-W27,29,0,0.5349653361601701,0.4959119935321235,0.07300163204659267,FALSE,0,0,NA,29,1,3,5.833333333333333,6,5,28,contains_adjusted_vaccination_inputs,TRUE,122138588,4015628,77223.61538461539,0.00664,1.276923076923077e-4,TRUE,ok
81,2021,28,2021-W28,25,0,0.5349653361601701,0.4959119935321235,0.07300163204659267,FALSE,0,0,NA,49,2,6,8.666666666666666,3,2,48,contains_adjusted_vaccination_inputs,TRUE,122138588,4015628,77223.61538461539,0.00664,1.276923076923077e-4,TRUE,ok
82,2021,29,2021-W29,25,0,0.5349653361601701,0.4959119935321235,0.07300163204659267,FALSE,0,0,NA,110,4,7,6,5,5,110,contains_adjusted_vaccination_inputs,TRUE,122138588,4015628,77223.61538461539,0.00664,1.276923076923077e-4,TRUE,ok
83,2021,30,2021-W30,30,0,0.5349653361601701,0.4959119935321235,0.07300163204659267,FALSE,0,0,NA,32,1,4.5,7.444444444444445,9,7,30,contains_adjusted_vaccination_inputs,TRUE,122138588,4015628,77223.61538461539,0.00664,1.276923076923077e-4,TRUE,ok
84,2021,31,2021-W31,27,0,0.5349653361601701,0.4959119935321235,0.07300163204659267,FALSE,0,0,NA,45,0,7,4.666666666666667,9,9,45,contains_adjusted_vaccination_inputs,TRUE,122138588,4015628,77223.61538461539,0.00664,1.276923076923077e-4,TRUE,ok
85,2021,32,2021-W32,30,0,0.5349653361601701,0.4959119935321235,0.07300163204659267,FALSE,0,0,NA,66,1,12,3.6666666666666665,12,12,66,contains_adjusted_vaccination_inputs,TRUE,122138588,4015628,77223.61538461539,0.00664,1.276923076923077e-4,TRUE,ok
86,2021,33,2021-W33,39,0,0.5349653361601701,0.4959119935321235,0.07300163204659267,FALSE,0,0,NA,59,2,11,6.7,10,10,59,contains_adjusted_vaccination_inputs,TRUE,122138588,4015628,77223.61538461539,0.00664,1.276923076923077e-4,TRUE,ok
87,2021,34,2021-W34,48,1,0.5349653361601701,0.4959119935321235,0.07300163204659267,FALSE,0,0,NA,60,0,18,6.25,8,8,60,contains_adjusted_vaccination_inputs,TRUE,122138588,4015628,77223.61538461539,0.00664,1.276923076923077e-4,TRUE,ok
88,2021,35,2021-W35,79,0,0.5349653361601701,0.4959119935321235,0.07300163204659267,FALSE,0,0,NA,33,1,14,5.625,8,8,33,contains_adjusted_vaccination_inputs,TRUE,122138588,4015628,77223.61538461539,0.00664,1.276923076923077e-4,TRUE,ok
89,2021,36,2021-W36,33,0,0.5349653361601701,0.4959119935321235,0.07300163204659267,FALSE,0,0,NA,24,0,6.5,7.363636363636363,11,10,23,contains_adjusted_vaccination_inputs,TRUE,122138588,4015628,77223.61538461539,0.00664,1.276923076923077e-4,TRUE,ok
90,2021,37,2021-W37,28,0,0.5349653361601701,0.4959119935321235,0.07300163204659267,FALSE,0,0,NA,14,0,1.2916666666666667,4.909090909090909,11,11,14,contains_adjusted_vaccination_inputs,TRUE,122138588,4015628,77223.61538461539,0.00664,1.276923076923077e-4,TRUE,ok
91,2021,38,2021-W38,50,0,0.5349653361601701,0.4959119935321235,0.07300163204659267,FALSE,0,0,NA,15,0,1,5,15,15,15,contains_adjusted_vaccination_inputs,TRUE,122138588,4015628,77223.61538461539,0.00664,1.276923076923077e-4,TRUE,ok
92,2021,39,2021-W39,50,0,0.5349653361601701,0.4959119935321235,0.07300163204659267,FALSE,0,0,NA,32,0,1.7916666666666667,6.068965517241379,29,29,32,contains_adjusted_vaccination_inputs,TRUE,122138588,4015628,77223.61538461539,0.00664,1.276923076923077e-4,TRUE,ok
93,2021,40,2021-W40,43,0,0.5349653361601701,0.4959119935321235,0.07300163204659267,FALSE,0,0,NA,40,0,4.5,6.6,15,13,38,contains_adjusted_vaccination_inputs,TRUE,122138588,4015628,77223.61538461539,0.00664,1.276923076923077e-4,TRUE,ok
94,2021,41,2021-W41,22,0,0.5349653361601701,0.4959119935321235,0.07300163204659267,FALSE,0,0,NA,56,0,4,9.22222222222222,9,8,55,contains_adjusted_vaccination_inputs,TRUE,122138588,4015628,77223.61538461539,0.00664,1.276923076923077e-4,TRUE,ok
95,2021,42,2021-W42,45,0,0.5349653361601701,0.4959119935321235,0.07300163204659267,FALSE,0,0,NA,38,0,5,5.769230769230769,13,13,38,contains_adjusted_vaccination_inputs,TRUE,122138588,4015628,77223.61538461539,0.00664,1.276923076923077e-4,TRUE,ok
96,2021,43,2021-W43,74,0,0.5349653361601701,0.4959119935321235,0.07300163204659267,FALSE,0,0,NA,30,1,3,4.3,10,9,29,contains_adjusted_vaccination_inputs,TRUE,122138588,4015628,77223.61538461539,0.00664,1.276923076923077e-4,TRUE,ok
97,2021,44,2021-W44,37,0,0.5349653361601701,0.4959119935321235,0.07300163204659267,FALSE,0,0,NA,23,0,6,2,5,5,23,contains_adjusted_vaccination_inputs,TRUE,122138588,4015628,77223.61538461539,0.00664,1.276923076923077e-4,TRUE,ok
98,2021,45,2021-W45,38,0,0.5349653361601701,0.4959119935321235,0.07300163204659267,FALSE,0,0,NA,24,0,7,11.857142857142858,7,6,23,contains_adjusted_vaccination_inputs,TRUE,122138588,4015628,77223.61538461539,0.00664,1.276923076923077e-4,TRUE,ok
99,2021,46,2021-W46,35,0,0.5349653361601701,0.4959119935321235,0.07300163204659267,FALSE,0,0,NA,7,1,5.5,3.6666666666666665,6,6,7,contains_adjusted_vaccination_inputs,TRUE,122138588,4015628,77223.61538461539,0.00664,1.276923076923077e-4,TRUE,ok
100,2021,47,2021-W47,28,0,0.5349653361601701,0.4959119935321235,0.07300163204659267,FALSE,0,0,NA,46,0,5,3.6,5,4,45,contains_adjusted_vaccination_inputs,TRUE,122138588,4015628,77223.61538461539,0.00664,1.276923076923077e-4,TRUE,ok
101,2021,48,2021-W48,33,0,0.5349653361601701,0.4959119935321235,0.07300163204659267,FALSE,0,0,NA,16,0,6,3.1333333333333333,15,14,16,contains_adjusted_vaccination_inputs,TRUE,122138588,4015628,77223.61538461539,0.00664,1.276923076923077e-4,TRUE,ok
102,2021,49,2021-W49,53,0,0.5349653361601701,0.4959119935321235,0.07300163204659267,FALSE,0,0,NA,26,0,10.708333333333332,7.3,10,9,25,contains_adjusted_vaccination_inputs,TRUE,122138588,4015628,77223.61538461539,0.00664,1.276923076923077e-4,TRUE,ok
103,2021,50,2021-W50,74,0,0.5349653361601701,0.4959119935321235,0.07300163204659267,FALSE,0,0,NA,39,2,12,7.285714285714286,21,21,39,contains_adjusted_vaccination_inputs,TRUE,122138588,4015628,77223.61538461539,0.00664,1.276923076923077e-4,TRUE,ok
104,2021,51,2021-W51,163,0,0.5349653361601701,0.4959119935321235,0.07300163204659267,FALSE,0,0,NA,78,0,5,4.2,10,10,78,contains_adjusted_vaccination_inputs,TRUE,122138588,4015628,77223.61538461539,0.00664,1.276923076923077e-4,TRUE,ok
105,2021,52,2021-W52,66,0,0.5349653361601701,0.4959119935321235,0.07300163204659267,FALSE,0,0,NA,155,0,7,6.25,8,8,155,contains_adjusted_vaccination_inputs,TRUE,122138588,4015628,77223.61538461539,0.00664,1.276923076923077e-4,TRUE,ok
106,2022,1,2022-W01,58,1,0.6288637774358907,0.5744607284309926,0.08651006936147505,FALSE,0,0,NA,337,0,5,8.5,20,19,336,contains_adjusted_vaccination_inputs,TRUE,125384287,4064582,78165.03846153847,0.00609,1.1711538461538462e-4,TRUE,ok
107,2022,2,2022-W02,70,0,0.6288637774358907,0.5744607284309926,0.08651006936147505,FALSE,0,0,NA,165,3,4,5.4,10,10,165,contains_adjusted_vaccination_inputs,TRUE,125384287,4064582,78165.03846153847,0.00609,1.1711538461538462e-4,TRUE,ok
108,2022,3,2022-W03,50,0,0.6288637774358907,0.5744607284309926,0.08651006936147505,FALSE,0,0,NA,249,6,5,11.5,8,8,249,contains_adjusted_vaccination_inputs,TRUE,125384287,4064582,78165.03846153847,0.00609,1.1711538461538462e-4,TRUE,ok
109,2022,4,2022-W04,134,1,0.6288637774358907,0.5744607284309926,0.08651006936147505,FALSE,0,0,NA,395,3,5,7.32,27,26,394,contains_adjusted_vaccination_inputs,TRUE,125384287,4064582,78165.03846153847,0.00609,1.1711538461538462e-4,TRUE,ok
110,2022,5,2022-W05,154,2,0.6288637774358907,0.5744607284309926,0.08651006936147505,FALSE,0,0,NA,248,1,6,4.6521739130434785,25,25,248,contains_adjusted_vaccination_inputs,TRUE,125384287,4064582,78165.03846153847,0.00609,1.1711538461538462e-4,TRUE,ok
111,2022,6,2022-W06,774,12,0.6288637774358907,0.5744607284309926,0.08651006936147505,FALSE,0,0,NA,252,0,18,7.15,20,19,251,contains_adjusted_vaccination_inputs,TRUE,125384287,4064582,78165.03846153847,0.00609,1.1711538461538462e-4,TRUE,ok
112,2022,7,2022-W07,100,2,0.6288637774358907,0.5744607284309926,0.08651006936147505,FALSE,0,0,NA,155,1,4,4.25,16,15,154,contains_adjusted_vaccination_inputs,TRUE,125384287,4064582,78165.03846153847,0.00609,1.1711538461538462e-4,TRUE,ok
113,2022,8,2022-W08,254,0,0.6288637774358907,0.5744607284309926,0.08651006936147505,FALSE,0,0,NA,69,0,5,6.5,12,11,68,contains_adjusted_vaccination_inputs,TRUE,125384287,4064582,78165.03846153847,0.00609,1.1711538461538462e-4,TRUE,ok
114,2022,9,2022-W09,146,0,0.6288637774358907,0.5744607284309926,0.08651006936147505,FALSE,0,0,NA,119,2,6,6.083333333333333,24,20,115,contains_adjusted_vaccination_inputs,TRUE,125384287,4064582,78165.03846153847,0.00609,1.1711538461538462e-4,TRUE,ok
115,2022,10,2022-W10,313,0,0.6288637774358907,0.5744607284309926,0.08651006936147505,FALSE,0,0,NA,164,1,5,4.217391304347826,46,43,161,contains_adjusted_vaccination_inputs,TRUE,125384287,4064582,78165.03846153847,0.00609,1.1711538461538462e-4,TRUE,ok
116,2022,11,2022-W11,120,1,0.6288637774358907,0.5744607284309926,0.08651006936147505,FALSE,0,0,NA,223,0,7,6.545454545454546,22,20,221,contains_adjusted_vaccination_inputs,TRUE,125384287,4064582,78165.03846153847,0.00609,1.1711538461538462e-4,TRUE,ok
117,2022,12,2022-W12,261,1,0.6288637774358907,0.5744607284309926,0.08651006936147505,FALSE,0,0,NA,192,3,7,12.307692307692308,26,21,187,contains_adjusted_vaccination_inputs,TRUE,125384287,4064582,78165.03846153847,0.00609,1.1711538461538462e-4,TRUE,ok
118,2022,13,2022-W13,282,1,0.6288637774358907,0.5744607284309926,0.08651006936147505,FALSE,0,0,NA,166,3,7,5.111111111111111,18,15,163,contains_adjusted_vaccination_inputs,TRUE,125384287,4064582,78165.03846153847,0.00609,1.1711538461538462e-4,TRUE,ok
119,2022,14,2022-W14,310,1,0.6288637774358907,0.5744607284309926,0.08651006936147505,FALSE,0,0,NA,178,2,8,3.590909090909091,22,20,176,contains_adjusted_vaccination_inputs,TRUE,125384287,4064582,78165.03846153847,0.00609,1.1711538461538462e-4,TRUE,ok
120,2022,15,2022-W15,324,1,0.6288637774358907,0.5744607284309926,0.08651006936147505,FALSE,0,0,NA,108,0,5,2.8846153846153846,26,25,107,contains_adjusted_vaccination_inputs,TRUE,125384287,4064582,78165.03846153847,0.00609,1.1711538461538462e-4,TRUE,ok
121,2022,16,2022-W16,170,0,0.6288637774358907,0.5744607284309926,0.08651006936147505,FALSE,0,0,NA,62,1,3.75,3.5454545454545454,11,10,61,contains_adjusted_vaccination_inputs,TRUE,125384287,4064582,78165.03846153847,0.00609,1.1711538461538462e-4,TRUE,ok
122,2022,17,2022-W17,163,5,0.6288637774358907,0.5744607284309926,0.08651006936147505,FALSE,0,0,NA,111,6,7,5.333333333333333,9,8,110,contains_adjusted_vaccination_inputs,TRUE,125384287,4064582,78165.03846153847,0.00609,1.1711538461538462e-4,TRUE,ok
123,2022,18,2022-W18,190,0,0.6288637774358907,0.5744607284309926,0.08651006936147505,FALSE,0,0,NA,185,3,5,2.636363636363636,11,8,182,contains_adjusted_vaccination_inputs,TRUE,125384287,4064582,78165.03846153847,0.00609,1.1711538461538462e-4,TRUE,ok
124,2022,19,2022-W19,365,1,0.6288637774358907,0.5744607284309926,0.08651006936147505,FALSE,0,0,NA,101,2,5,3,3,3,101,contains_adjusted_vaccination_inputs,TRUE,125384287,4064582,78165.03846153847,0.00609,1.1711538461538462e-4,TRUE,ok
125,2022,20,2022-W20,294,4,0.6288637774358907,0.5744607284309926,0.08651006936147505,FALSE,0,0,NA,172,2,4,NA,0,0,172,contains_adjusted_vaccination_inputs,TRUE,125384287,4064582,78165.03846153847,0.00609,1.1711538461538462e-4,TRUE,ok
126,2022,21,2022-W21,370,0,0.6288637774358907,0.5744607284309926,0.08651006936147505,FALSE,0,0,NA,127,5,5,NA,0,0,127,contains_adjusted_vaccination_inputs,TRUE,125384287,4064582,78165.03846153847,0.00609,1.1711538461538462e-4,TRUE,ok
127,2022,22,2022-W22,226,0,0.6288637774358907,0.5744607284309926,0.08651006936147505,FALSE,0,0,NA,73,0,7,15.75,8,8,73,contains_adjusted_vaccination_inputs,TRUE,125384287,4064582,78165.03846153847,0.00609,1.1711538461538462e-4,TRUE,ok
128,2022,23,2022-W23,152,0,0.6288637774358907,0.5744607284309926,0.08651006936147505,FALSE,0,0,NA,218,6,7,10,4,3,217,contains_adjusted_vaccination_inputs,TRUE,125384287,4064582,78165.03846153847,0.00609,1.1711538461538462e-4,TRUE,ok
129,2022,24,2022-W24,279,4,0.6288637774358907,0.5744607284309926,0.08651006936147505,FALSE,0,0,NA,82,0,6,12.77777777777778,9,9,82,contains_adjusted_vaccination_inputs,TRUE,125384287,4064582,78165.03846153847,0.00609,1.1711538461538462e-4,TRUE,ok
130,2022,25,2022-W25,169,0,0.6288637774358907,0.5744607284309926,0.08651006936147505,FALSE,0,0,NA,61,0,5,5.592592592592593,27,22,56,contains_adjusted_vaccination_inputs,TRUE,125384287,4064582,78165.03846153847,0.00609,1.1711538461538462e-4,TRUE,ok
131,2022,26,2022-W26,102,0,0.6288637774358907,0.5744607284309926,0.08651006936147505,FALSE,0,0,NA,109,1,7,4.821428571428571,28,25,106,contains_adjusted_vaccination_inputs,TRUE,125384287,4064582,78165.03846153847,0.00609,1.1711538461538462e-4,TRUE,ok
132,2022,27,2022-W27,131,0,0.6288637774358907,0.5744607284309926,0.08651006936147505,FALSE,0,0,NA,72,0,5,12.25,20,17,69,contains_adjusted_vaccination_inputs,TRUE,125384287,4064582,78165.03846153847,0.00609,1.1711538461538462e-4,TRUE,ok
133,2022,28,2022-W28,130,3,0.6288637774358907,0.5744607284309926,0.08651006936147505,FALSE,0,0,NA,84,0,10,3.84,26,24,82,contains_adjusted_vaccination_inputs,TRUE,125384287,4064582,78165.03846153847,0.00609,1.1711538461538462e-4,TRUE,ok
134,2022,29,2022-W29,132,0,0.6288637774358907,0.5744607284309926,0.08651006936147505,FALSE,0,0,NA,84,0,7,10.785714285714286,15,13,82,contains_adjusted_vaccination_inputs,TRUE,125384287,4064582,78165.03846153847,0.00609,1.1711538461538462e-4,TRUE,ok
135,2022,30,2022-W30,145,1,0.6288637774358907,0.5744607284309926,0.08651006936147505,FALSE,0,0,NA,166,1,7,5.166666666666667,18,18,166,contains_adjusted_vaccination_inputs,TRUE,125384287,4064582,78165.03846153847,0.00609,1.1711538461538462e-4,TRUE,ok
136,2022,31,2022-W31,267,0,0.6288637774358907,0.5744607284309926,0.08651006936147505,FALSE,0,0,NA,270,0,4,4.966666666666667,30,28,268,contains_adjusted_vaccination_inputs,TRUE,125384287,4064582,78165.03846153847,0.00609,1.1711538461538462e-4,TRUE,ok
137,2022,32,2022-W32,298,2,0.6288637774358907,0.5744607284309926,0.08651006936147505,FALSE,0,0,NA,187,1,4,5.117647058823529,18,17,186,contains_adjusted_vaccination_inputs,TRUE,125384287,4064582,78165.03846153847,0.00609,1.1711538461538462e-4,TRUE,ok
138,2022,33,2022-W33,362,8,0.6288637774358907,0.5744607284309926,0.08651006936147505,FALSE,0,0,NA,169,0,4,5.428571428571429,21,19,167,contains_adjusted_vaccination_inputs,TRUE,125384287,4064582,78165.03846153847,0.00609,1.1711538461538462e-4,TRUE,ok
139,2022,34,2022-W34,366,5,0.6288637774358907,0.5744607284309926,0.08651006936147505,FALSE,0,0,NA,247,1,6,6.111111111111111,18,17,246,contains_adjusted_vaccination_inputs,TRUE,125384287,4064582,78165.03846153847,0.00609,1.1711538461538462e-4,TRUE,ok
140,2022,35,2022-W35,398,1,0.6288637774358907,0.5744607284309926,0.08651006936147505,FALSE,0,0,NA,152,1,5,5.142857142857143,14,12,150,contains_adjusted_vaccination_inputs,TRUE,125384287,4064582,78165.03846153847,0.00609,1.1711538461538462e-4,TRUE,ok
141,2022,36,2022-W36,269,1,0.6288637774358907,0.5744607284309926,0.08651006936147505,FALSE,0,0,NA,79,0,4,5.892857142857143,28,25,76,contains_adjusted_vaccination_inputs,TRUE,125384287,4064582,78165.03846153847,0.00609,1.1711538461538462e-4,TRUE,ok
142,2022,37,2022-W37,342,3,0.6288637774358907,0.5744607284309926,0.08651006936147505,FALSE,0,0,NA,427,0,20,6.9523809523809526,21,19,425,contains_geo_week_deaths_exceed_cases,TRUE,125384287,4064582,78165.03846153847,0.00609,1.1711538461538462e-4,TRUE,ok
143,2022,38,2022-W38,196,1,0.6288637774358907,0.5744607284309926,0.08651006936147505,FALSE,0,0,NA,75,0,5,5.0285714285714285,35,34,74,contains_adjusted_vaccination_inputs,TRUE,125384287,4064582,78165.03846153847,0.00609,1.1711538461538462e-4,TRUE,ok
144,2022,39,2022-W39,207,0,0.6288637774358907,0.5744607284309926,0.08651006936147505,FALSE,0,0,NA,88,0,4.5,5.352941176470588,17,16,87,contains_adjusted_vaccination_inputs,TRUE,125384287,4064582,78165.03846153847,0.00609,1.1711538461538462e-4,TRUE,ok
145,2022,40,2022-W40,190,0,0.6288637774358907,0.5744607284309926,0.08651006936147505,FALSE,0,0,NA,100,0,4,4.962962962962963,27,26,99,contains_adjusted_vaccination_inputs,TRUE,125384287,4064582,78165.03846153847,0.00609,1.1711538461538462e-4,TRUE,ok
146,2022,41,2022-W41,221,1,0.6288637774358907,0.5744607284309926,0.08651006936147505,FALSE,0,0,NA,113,1,6,7.272727272727272,22,21,112,contains_adjusted_vaccination_inputs,TRUE,125384287,4064582,78165.03846153847,0.00609,1.1711538461538462e-4,TRUE,ok
147,2022,42,2022-W42,277,4,0.6288637774358907,0.5744607284309926,0.08651006936147505,FALSE,0,0,NA,197,4,5,7.454545454545454,23,22,196,contains_adjusted_vaccination_inputs,TRUE,125384287,4064582,78165.03846153847,0.00609,1.1711538461538462e-4,TRUE,ok
148,2022,43,2022-W43,371,1,0.6288637774358907,0.5744607284309926,0.08651006936147505,FALSE,0,0,NA,247,2,4,4.34375,32,27,242,contains_adjusted_vaccination_inputs,TRUE,125384287,4064582,78165.03846153847,0.00609,1.1711538461538462e-4,TRUE,ok
149,2022,44,2022-W44,420,0,0.6288637774358907,0.5744607284309926,0.08651006936147505,FALSE,0,0,NA,144,1,4,4.193548387096774,31,30,143,contains_adjusted_vaccination_inputs,TRUE,125384287,4064582,78165.03846153847,0.00609,1.1711538461538462e-4,TRUE,ok
150,2022,45,2022-W45,343,1,0.6288637774358907,0.5744607284309926,0.08651006936147505,FALSE,0,0,NA,308,0,5,3.740740740740741,27,27,308,contains_adjusted_vaccination_inputs,TRUE,125384287,4064582,78165.03846153847,0.00609,1.1711538461538462e-4,TRUE,ok
151,2022,46,2022-W46,379,5,0.6288637774358907,0.5744607284309926,0.08651006936147505,FALSE,0,0,NA,268,3,5,6.078431372549019,51,50,267,contains_adjusted_vaccination_inputs,TRUE,125384287,4064582,78165.03846153847,0.00609,1.1711538461538462e-4,TRUE,ok
152,2022,47,2022-W47,430,0,0.6288637774358907,0.5744607284309926,0.08651006936147505,FALSE,0,0,NA,196,4,4,4.310344827586207,29,29,196,contains_adjusted_vaccination_inputs,TRUE,125384287,4064582,78165.03846153847,0.00609,1.1711538461538462e-4,TRUE,ok
153,2022,48,2022-W48,637,4,0.6288637774358907,0.5744607284309926,0.08651006936147505,FALSE,0,0,NA,213,2,5,4.125,32,31,212,contains_adjusted_vaccination_inputs,TRUE,125384287,4064582,78165.03846153847,0.00609,1.1711538461538462e-4,TRUE,ok
154,2022,49,2022-W49,653,3,0.6288637774358907,0.5744607284309926,0.08651006936147505,FALSE,0,0,NA,143,0,4,4.413043478260869,46,46,143,contains_adjusted_vaccination_inputs,TRUE,125384287,4064582,78165.03846153847,0.00609,1.1711538461538462e-4,TRUE,ok
155,2022,50,2022-W50,599,10,0.6288637774358907,0.5744607284309926,0.08651006936147505,FALSE,0,0,NA,95,0,3,2.590909090909091,22,22,95,contains_adjusted_vaccination_inputs,TRUE,125384287,4064582,78165.03846153847,0.00609,1.1711538461538462e-4,TRUE,ok
156,2022,51,2022-W51,666,3,0.6288637774358907,0.5744607284309926,0.08651006936147505,TRUE,0.4923999999999999,0.9848,9–59 months,15,0,4,2.2,15,15,15,contains_adjusted_vaccination_inputs,TRUE,125384287,4064582,78165.03846153847,0.00609,1.1711538461538462e-4,TRUE,ok
157,2022,52,2022-W52,713,7,0.6288637774358907,0.5744607284309926,0.08651006936147505,TRUE,0.4923999999999999,0.9848,9–59 months,93,3,6,2.857142857142857,7,7,93,contains_adjusted_vaccination_inputs,TRUE,125384287,4064582,78165.03846153847,0.00609,1.1711538461538462e-4,TRUE,ok
158,2023,1,2023-W01,475,7,0.6979080154586969,0.673036176482345,0.03563770357330673,FALSE,0,0,NA,114,0,4,4.384615384615385,26,25,113,contains_adjusted_vaccination_inputs,TRUE,128691692,4105686,78955.5,0.00596,1.1461538461538461e-4,TRUE,ok
159,2023,2,2023-W02,531,4,0.6979080154586969,0.673036176482345,0.03563770357330673,FALSE,0,0,NA,120,0,7,3.6666666666666665,30,29,119,contains_geo_week_deaths_exceed_cases,TRUE,128691692,4105686,78955.5,0.00596,1.1461538461538461e-4,TRUE,ok
160,2023,3,2023-W03,332,1,0.6979080154586969,0.673036176482345,0.03563770357330673,FALSE,0,0,NA,268,4,7,5.473684210526316,19,19,268,contains_adjusted_vaccination_inputs,TRUE,128691692,4105686,78955.5,0.00596,1.1461538461538461e-4,TRUE,ok
161,2023,4,2023-W04,391,1,0.6979080154586969,0.673036176482345,0.03563770357330673,FALSE,0,0,NA,454,0,5,4.242424242424242,33,33,454,contains_adjusted_vaccination_inputs,TRUE,128691692,4105686,78955.5,0.00596,1.1461538461538461e-4,TRUE,ok
162,2023,5,2023-W05,432,0,0.6979080154586969,0.673036176482345,0.03563770357330673,FALSE,0,0,NA,323,3,5,3.88,25,24,322,contains_adjusted_vaccination_inputs,TRUE,128691692,4105686,78955.5,0.00596,1.1461538461538461e-4,TRUE,ok
163,2023,6,2023-W06,490,1,0.6979080154586969,0.673036176482345,0.03563770357330673,FALSE,0,0,NA,249,2,5,3.9607843137254903,51,49,247,contains_adjusted_vaccination_inputs,TRUE,128691692,4105686,78955.5,0.00596,1.1461538461538461e-4,TRUE,ok
164,2023,7,2023-W07,452,6,0.6979080154586969,0.673036176482345,0.03563770357330673,FALSE,0,0,NA,236,1,4,2.782608695652174,46,42,232,contains_adjusted_vaccination_inputs,TRUE,128691692,4105686,78955.5,0.00596,1.1461538461538461e-4,TRUE,ok
165,2023,8,2023-W08,466,2,0.6979080154586969,0.673036176482345,0.03563770357330673,FALSE,0,0,NA,140,1,5,4.769230769230769,39,39,140,contains_adjusted_vaccination_inputs,TRUE,128691692,4105686,78955.5,0.00596,1.1461538461538461e-4,TRUE,ok
166,2023,9,2023-W09,519,2,0.6979080154586969,0.673036176482345,0.03563770357330673,FALSE,0,0,NA,175,2,4,9.288461538461538,52,48,171,contains_adjusted_vaccination_inputs,TRUE,128691692,4105686,78955.5,0.00596,1.1461538461538461e-4,TRUE,ok
167,2023,10,2023-W10,515,0,0.6979080154586969,0.673036176482345,0.03563770357330673,FALSE,0,0,NA,127,2,6,4.916666666666667,24,23,126,contains_adjusted_vaccination_inputs,TRUE,128691692,4105686,78955.5,0.00596,1.1461538461538461e-4,TRUE,ok
168,2023,11,2023-W11,558,1,0.6979080154586969,0.673036176482345,0.03563770357330673,FALSE,0,0,NA,237,2,5,5,56,56,237,contains_adjusted_vaccination_inputs,TRUE,128691692,4105686,78955.5,0.00596,1.1461538461538461e-4,TRUE,ok
169,2023,12,2023-W12,625,5,0.6979080154586969,0.673036176482345,0.03563770357330673,FALSE,0,0,NA,268,5,5,5.178571428571429,56,56,268,contains_adjusted_vaccination_inputs,TRUE,128691692,4105686,78955.5,0.00596,1.1461538461538461e-4,TRUE,ok
170,2023,13,2023-W13,812,19,0.6979080154586969,0.673036176482345,0.03563770357330673,FALSE,0,0,NA,314,9,4,5.056603773584905,53,51,312,contains_adjusted_vaccination_inputs,TRUE,128691692,4105686,78955.5,0.00596,1.1461538461538461e-4,TRUE,ok
171,2023,14,2023-W14,887,4,0.6979080154586969,0.673036176482345,0.03563770357330673,FALSE,0,0,NA,213,14,5,8.90625,32,29,210,contains_adjusted_vaccination_inputs,TRUE,128691692,4105686,78955.5,0.00596,1.1461538461538461e-4,TRUE,ok
172,2023,15,2023-W15,878,3,0.6979080154586969,0.673036176482345,0.03563770357330673,FALSE,0,0,NA,245,2,4,4.886792452830188,53,53,245,contains_adjusted_vaccination_inputs,TRUE,128691692,4105686,78955.5,0.00596,1.1461538461538461e-4,TRUE,ok
173,2023,16,2023-W16,856,2,0.6979080154586969,0.673036176482345,0.03563770357330673,FALSE,0,0,NA,251,0,6,4.317460317460317,63,61,249,contains_adjusted_vaccination_inputs,TRUE,128691692,4105686,78955.5,0.00596,1.1461538461538461e-4,TRUE,ok
174,2023,17,2023-W17,679,5,0.6979080154586969,0.673036176482345,0.03563770357330673,FALSE,0,0,NA,248,1,9,5.037735849056604,53,52,247,contains_adjusted_vaccination_inputs,TRUE,128691692,4105686,78955.5,0.00596,1.1461538461538461e-4,TRUE,ok
175,2023,18,2023-W18,694,2,0.6979080154586969,0.673036176482345,0.03563770357330673,FALSE,0,0,NA,287,1,8.916666666666668,6.69620253164557,79,77,285,contains_adjusted_vaccination_inputs,TRUE,128691692,4105686,78955.5,0.00596,1.1461538461538461e-4,TRUE,ok
176,2023,19,2023-W19,888,7,0.6979080154586969,0.673036176482345,0.03563770357330673,FALSE,0,0,NA,317,1,7,4.34375,64,62,315,contains_adjusted_vaccination_inputs,TRUE,128691692,4105686,78955.5,0.00596,1.1461538461538461e-4,TRUE,ok
177,2023,20,2023-W20,863,2,0.6979080154586969,0.673036176482345,0.03563770357330673,FALSE,0,0,NA,459,1,7,3.4155844155844157,83,83,459,contains_adjusted_vaccination_inputs,TRUE,128691692,4105686,78955.5,0.00596,1.1461538461538461e-4,TRUE,ok
178,2023,21,2023-W21,936,8,0.6979080154586969,0.673036176482345,0.03563770357330673,FALSE,0,0,NA,275,2,6,4.709677419354839,62,60,273,contains_adjusted_vaccination_inputs,TRUE,128691692,4105686,78955.5,0.00596,1.1461538461538461e-4,TRUE,ok
179,2023,22,2023-W22,716,6,0.6979080154586969,0.673036176482345,0.03563770357330673,FALSE,0,0,NA,347,1,4,4.887096774193548,62,59,344,contains_adjusted_vaccination_inputs,TRUE,128691692,4105686,78955.5,0.00596,1.1461538461538461e-4,TRUE,ok
180,2023,23,2023-W23,771,4,0.6979080154586969,0.673036176482345,0.03563770357330673,FALSE,0,0,NA,240,1,6,4.142857142857143,42,41,239,contains_adjusted_vaccination_inputs,TRUE,128691692,4105686,78955.5,0.00596,1.1461538461538461e-4,TRUE,ok
181,2023,24,2023-W24,722,7,0.6979080154586969,0.673036176482345,0.03563770357330673,FALSE,0,0,NA,207,1,5.916666666666667,3.4827586206896552,29,28,206,contains_adjusted_vaccination_inputs,TRUE,128691692,4105686,78955.5,0.00596,1.1461538461538461e-4,TRUE,ok
182,2023,25,2023-W25,612,2,0.6979080154586969,0.673036176482345,0.03563770357330673,FALSE,0,0,NA,190,0,5,3.547619047619047,42,41,189,contains_adjusted_vaccination_inputs,TRUE,128691692,4105686,78955.5,0.00596,1.1461538461538461e-4,TRUE,ok
183,2023,26,2023-W26,622,4,0.6979080154586969,0.673036176482345,0.03563770357330673,FALSE,0,0,NA,139,2,4,4.225806451612903,31,30,138,contains_adjusted_vaccination_inputs,TRUE,128691692,4105686,78955.5,0.00596,1.1461538461538461e-4,TRUE,ok
184,2023,27,2023-W27,530,0,0.6979080154586969,0.673036176482345,0.03563770357330673,FALSE,0,0,NA,172,3,4,4.633333333333334,30,29,171,contains_adjusted_vaccination_inputs,TRUE,128691692,4105686,78955.5,0.00596,1.1461538461538461e-4,TRUE,ok
185,2023,28,2023-W28,417,3,0.6979080154586969,0.673036176482345,0.03563770357330673,FALSE,0,0,NA,318,1,4,4.413043478260869,48,48,318,contains_adjusted_vaccination_inputs,TRUE,128691692,4105686,78955.5,0.00596,1.1461538461538461e-4,TRUE,ok
186,2023,29,2023-W29,541,1,0.6979080154586969,0.673036176482345,0.03563770357330673,FALSE,0,0,NA,329,2,4,4.446428571428571,56,56,329,contains_adjusted_vaccination_inputs,TRUE,128691692,4105686,78955.5,0.00596,1.1461538461538461e-4,TRUE,ok
187,2023,30,2023-W30,554,4,0.6979080154586969,0.673036176482345,0.03563770357330673,FALSE,0,0,NA,160,0,3,3.533333333333333,62,62,160,contains_adjusted_vaccination_inputs,TRUE,128691692,4105686,78955.5,0.00596,1.1461538461538461e-4,TRUE,ok
188,2023,31,2023-W31,388,0,0.6979080154586969,0.673036176482345,0.03563770357330673,FALSE,0,0,NA,165,3,4,4.725,41,40,164,contains_adjusted_vaccination_inputs,TRUE,128691692,4105686,78955.5,0.00596,1.1461538461538461e-4,TRUE,ok
189,2023,32,2023-W32,360,3,0.6979080154586969,0.673036176482345,0.03563770357330673,FALSE,0,0,NA,168,1,3,4.205128205128205,39,38,167,contains_adjusted_vaccination_inputs,TRUE,128691692,4105686,78955.5,0.00596,1.1461538461538461e-4,TRUE,ok
190,2023,33,2023-W33,289,2,0.6979080154586969,0.673036176482345,0.03563770357330673,FALSE,0,0,NA,271,0,3,5.454545454545454,33,33,271,contains_adjusted_vaccination_inputs,TRUE,128691692,4105686,78955.5,0.00596,1.1461538461538461e-4,TRUE,ok
191,2023,34,2023-W34,274,2,0.6979080154586969,0.673036176482345,0.03563770357330673,FALSE,0,0,NA,843,4,4,4.5227272727272725,44,44,843,contains_adjusted_vaccination_inputs,TRUE,128691692,4105686,78955.5,0.00596,1.1461538461538461e-4,TRUE,ok
192,2023,35,2023-W35,304,2,0.6979080154586969,0.673036176482345,0.03563770357330673,FALSE,0,0,NA,1521,3,3,4.742857142857143,36,36,1521,contains_geo_week_deaths_exceed_cases,TRUE,128691692,4105686,78955.5,0.00596,1.1461538461538461e-4,TRUE,ok
193,2023,36,2023-W36,252,0,0.6979080154586969,0.673036176482345,0.03563770357330673,FALSE,0,0,NA,671,1,3,3.3157894736842106,19,19,671,contains_adjusted_vaccination_inputs,TRUE,128691692,4105686,78955.5,0.00596,1.1461538461538461e-4,TRUE,ok
194,2023,37,2023-W37,304,1,0.6979080154586969,0.673036176482345,0.03563770357330673,FALSE,0,0,NA,662,4,4,5.602941176470588,68,65,659,contains_adjusted_vaccination_inputs,TRUE,128691692,4105686,78955.5,0.00596,1.1461538461538461e-4,TRUE,ok
195,2023,38,2023-W38,284,0,0.6979080154586969,0.673036176482345,0.03563770357330673,FALSE,0,0,NA,461,5,5,4.617021276595745,47,44,458,contains_adjusted_vaccination_inputs,TRUE,128691692,4105686,78955.5,0.00596,1.1461538461538461e-4,TRUE,ok
196,2023,39,2023-W39,284,3,0.6979080154586969,0.673036176482345,0.03563770357330673,FALSE,0,0,NA,441,2,5,4.042253521126761,71,70,440,contains_adjusted_vaccination_inputs,TRUE,128691692,4105686,78955.5,0.00596,1.1461538461538461e-4,TRUE,ok
197,2023,40,2023-W40,306,2,0.6979080154586969,0.673036176482345,0.03563770357330673,FALSE,0,0,NA,592,3,4,4.010526315789473,95,94,591,contains_adjusted_vaccination_inputs,TRUE,128691692,4105686,78955.5,0.00596,1.1461538461538461e-4,TRUE,ok
198,2023,41,2023-W41,531,2,0.6979080154586969,0.673036176482345,0.03563770357330673,FALSE,0,0,NA,893,4,4,4.327102803738318,111,108,890,contains_adjusted_vaccination_inputs,TRUE,128691692,4105686,78955.5,0.00596,1.1461538461538461e-4,TRUE,ok
199,2023,42,2023-W42,459,2,0.6979080154586969,0.673036176482345,0.03563770357330673,FALSE,0,0,NA,918,8,5,4.385542168674699,83,82,917,contains_adjusted_vaccination_inputs,TRUE,128691692,4105686,78955.5,0.00596,1.1461538461538461e-4,TRUE,ok
200,2023,43,2023-W43,661,2,0.6979080154586969,0.673036176482345,0.03563770357330673,FALSE,0,0,NA,646,2,5,4.252631578947368,95,95,646,contains_adjusted_vaccination_inputs,TRUE,128691692,4105686,78955.5,0.00596,1.1461538461538461e-4,TRUE,ok
201,2023,44,2023-W44,511,0,0.6979080154586969,0.673036176482345,0.03563770357330673,FALSE,0,0,NA,476,5,4,5.042553191489362,47,46,475,contains_adjusted_vaccination_inputs,TRUE,128691692,4105686,78955.5,0.00596,1.1461538461538461e-4,TRUE,ok
202,2023,45,2023-W45,1244,1,0.6979080154586969,0.673036176482345,0.03563770357330673,FALSE,0,0,NA,1034,0,5,3.793103448275862,58,58,1034,contains_adjusted_vaccination_inputs,TRUE,128691692,4105686,78955.5,0.00596,1.1461538461538461e-4,TRUE,ok
203,2023,46,2023-W46,612,0,0.6979080154586969,0.673036176482345,0.03563770357330673,FALSE,0,0,NA,648,3,4,4.74,50,50,648,contains_adjusted_vaccination_inputs,TRUE,128691692,4105686,78955.5,0.00596,1.1461538461538461e-4,TRUE,ok
204,2023,47,2023-W47,868,3,0.6979080154586969,0.673036176482345,0.03563770357330673,FALSE,0,0,NA,865,13,4,3.774647887323943,74,72,863,contains_adjusted_vaccination_inputs,TRUE,128691692,4105686,78955.5,0.00596,1.1461538461538461e-4,TRUE,ok
205,2023,48,2023-W48,1234,5,0.6979080154586969,0.673036176482345,0.03563770357330673,FALSE,0,0,NA,1112,6,4,4.572916666666667,96,94,1110,contains_adjusted_vaccination_inputs,TRUE,128691692,4105686,78955.5,0.00596,1.1461538461538461e-4,TRUE,ok
206,2023,49,2023-W49,844,4,0.6979080154586969,0.673036176482345,0.03563770357330673,FALSE,0,0,NA,1142,4,3,3.9315068493150687,73,68,1137,contains_adjusted_vaccination_inputs,TRUE,128691692,4105686,78955.5,0.00596,1.1461538461538461e-4,TRUE,ok
207,2023,50,2023-W50,933,4,0.6979080154586969,0.673036176482345,0.03563770357330673,FALSE,0,0,NA,948,10,4,4.1521739130434785,92,87,943,contains_adjusted_vaccination_inputs,TRUE,128691692,4105686,78955.5,0.00596,1.1461538461538461e-4,TRUE,ok
208,2023,51,2023-W51,1811,9,0.6979080154586969,0.673036176482345,0.03563770357330673,FALSE,0,0,NA,1392,8,3,3.933333333333333,60,57,1389,contains_adjusted_vaccination_inputs,TRUE,128691692,4105686,78955.5,0.00596,1.1461538461538461e-4,TRUE,ok
209,2023,52,2023-W52,2351,13,0.6979080154586969,0.673036176482345,0.03563770357330673,FALSE,0,0,NA,536,4,3,2.027027027027027,42,41,535,contains_adjusted_vaccination_inputs,TRUE,128691692,4105686,78955.5,0.00596,1.1461538461538461e-4,TRUE,ok
210,2024,1,2024-W01,1222,5,0.7315138939526632,0.7207946066160285,0.01465356628937576,FALSE,0,0,NA,1221,14,4,4.714285714285714,56,54,1219,contains_adjusted_vaccination_inputs,TRUE,132059767,4156522,79933.11538461539,0.0059,1.1346153846153846e-4,TRUE,ok
211,2024,2,2024-W02,1441,1,0.7315138939526632,0.7207946066160285,0.01465356628937576,FALSE,0,0,NA,1159,10,4,4.920634920634921,63,62,1158,contains_adjusted_vaccination_inputs,TRUE,132059767,4156522,79933.11538461539,0.0059,1.1346153846153846e-4,TRUE,ok
212,2024,3,2024-W03,1357,6,0.7315138939526632,0.7207946066160285,0.01465356628937576,FALSE,0,0,NA,1671,9,4,3.892857142857143,84,82,1669,contains_adjusted_vaccination_inputs,TRUE,132059767,4156522,79933.11538461539,0.0059,1.1346153846153846e-4,TRUE,ok
213,2024,4,2024-W04,1586,5,0.7315138939526632,0.7207946066160285,0.01465356628937576,FALSE,0,0,NA,1383,8,4,4.043478260869565,46,44,1381,contains_adjusted_vaccination_inputs,TRUE,132059767,4156522,79933.11538461539,0.0059,1.1346153846153846e-4,TRUE,ok
214,2024,5,2024-W05,1991,4,0.7315138939526632,0.7207946066160285,0.01465356628937576,FALSE,0,0,NA,1205,2,3,7.956521739130435,23,20,1202,contains_adjusted_vaccination_inputs,TRUE,132059767,4156522,79933.11538461539,0.0059,1.1346153846153846e-4,TRUE,ok
215,2024,6,2024-W06,2028,6,0.7315138939526632,0.7207946066160285,0.01465356628937576,FALSE,0,0,NA,1186,11,4,6.8,40,37,1183,contains_adjusted_vaccination_inputs,TRUE,132059767,4156522,79933.11538461539,0.0059,1.1346153846153846e-4,TRUE,ok
216,2024,7,2024-W07,2117,10,0.7315138939526632,0.7207946066160285,0.01465356628937576,FALSE,0,0,NA,1421,5,4,5.866666666666666,121,120,1420,contains_adjusted_vaccination_inputs,TRUE,132059767,4156522,79933.11538461539,0.0059,1.1346153846153846e-4,TRUE,ok
217,2024,8,2024-W08,2183,9,0.7315138939526632,0.7207946066160285,0.01465356628937576,FALSE,0,0,NA,1635,11,4,3.955223880597015,135,135,1635,contains_adjusted_vaccination_inputs,TRUE,132059767,4156522,79933.11538461539,0.0059,1.1346153846153846e-4,TRUE,ok
218,2024,9,2024-W09,1946,13,0.7315138939526632,0.7207946066160285,0.01465356628937576,FALSE,0,0,NA,1445,15,4,5.392857142857143,115,113,1444,contains_adjusted_vaccination_inputs,TRUE,132059767,4156522,79933.11538461539,0.0059,1.1346153846153846e-4,TRUE,ok
219,2024,10,2024-W10,2332,12,0.7315138939526632,0.7207946066160285,0.01465356628937576,FALSE,0,0,NA,1691,9,4,4.666666666666667,93,93,1691,contains_adjusted_vaccination_inputs,TRUE,132059767,4156522,79933.11538461539,0.0059,1.1346153846153846e-4,TRUE,ok
220,2024,11,2024-W11,2056,4,0.7315138939526632,0.7207946066160285,0.01465356628937576,FALSE,0,0,NA,1597,10,5,3.604651162790698,88,86,1595,contains_adjusted_vaccination_inputs,TRUE,132059767,4156522,79933.11538461539,0.0059,1.1346153846153846e-4,TRUE,ok
221,2024,12,2024-W12,2598,8,0.7315138939526632,0.7207946066160285,0.01465356628937576,FALSE,0,0,NA,1343,2,5,3.4078947368421053,83,83,1343,contains_adjusted_vaccination_inputs,TRUE,132059767,4156522,79933.11538461539,0.0059,1.1346153846153846e-4,TRUE,ok
222,2024,13,2024-W13,2084,5,0.7315138939526632,0.7207946066160285,0.01465356628937576,FALSE,0,0,NA,1697,3,4,5.92,52,52,1697,contains_adjusted_vaccination_inputs,TRUE,132059767,4156522,79933.11538461539,0.0059,1.1346153846153846e-4,TRUE,ok
223,2024,14,2024-W14,2474,6,0.7315138939526632,0.7207946066160285,0.01465356628937576,FALSE,0,0,NA,911,0,5,4.658536585365853,42,42,911,contains_adjusted_vaccination_inputs,TRUE,132059767,4156522,79933.11538461539,0.0059,1.1346153846153846e-4,TRUE,ok
224,2024,15,2024-W15,2111,3,0.7315138939526632,0.7207946066160285,0.01465356628937576,FALSE,0,0,NA,646,1,4,3.72972972972973,37,37,646,contains_adjusted_vaccination_inputs,TRUE,132059767,4156522,79933.11538461539,0.0059,1.1346153846153846e-4,TRUE,ok
225,2024,16,2024-W16,2065,5,0.7315138939526632,0.7207946066160285,0.01465356628937576,FALSE,0,0,NA,550,0,3,3.2439024390243905,41,41,550,contains_adjusted_vaccination_inputs,TRUE,132059767,4156522,79933.11538461539,0.0059,1.1346153846153846e-4,TRUE,ok
226,2024,17,2024-W17,1916,3,0.7315138939526632,0.7207946066160285,0.01465356628937576,FALSE,0,0,NA,538,0,4,4.071428571428571,30,30,538,contains_adjusted_vaccination_inputs,TRUE,132059767,4156522,79933.11538461539,0.0059,1.1346153846153846e-4,TRUE,ok
227,2024,18,2024-W18,1288,2,0.7315138939526632,0.7207946066160285,0.01465356628937576,FALSE,0,0,NA,321,2,4,7.555555555555555,27,24,318,contains_adjusted_vaccination_inputs,TRUE,132059767,4156522,79933.11538461539,0.0059,1.1346153846153846e-4,TRUE,ok
228,2024,19,2024-W19,1337,2,0.7315138939526632,0.7207946066160285,0.01465356628937576,FALSE,0,0,NA,517,9,4,5.037037037037037,27,26,516,contains_adjusted_vaccination_inputs,TRUE,132059767,4156522,79933.11538461539,0.0059,1.1346153846153846e-4,TRUE,ok
229,2024,20,2024-W20,1148,3,0.7315138939526632,0.7207946066160285,0.01465356628937576,FALSE,0,0,NA,567,2,5,4.634146341463414,41,40,566,contains_geo_week_deaths_exceed_cases,TRUE,132059767,4156522,79933.11538461539,0.0059,1.1346153846153846e-4,TRUE,ok
230,2024,21,2024-W21,1084,5,0.7315138939526632,0.7207946066160285,0.01465356628937576,FALSE,0,0,NA,538,4,4,3.234042553191489,47,45,536,contains_adjusted_vaccination_inputs,TRUE,132059767,4156522,79933.11538461539,0.0059,1.1346153846153846e-4,TRUE,ok
231,2024,22,2024-W22,884,3,0.7315138939526632,0.7207946066160285,0.01465356628937576,FALSE,0,0,NA,367,1,4,3.060606060606061,33,32,366,contains_adjusted_vaccination_inputs,TRUE,132059767,4156522,79933.11538461539,0.0059,1.1346153846153846e-4,TRUE,ok
232,2024,23,2024-W23,721,1,0.7315138939526632,0.7207946066160285,0.01465356628937576,FALSE,0,0,NA,391,1,4,2.736842105263158,38,36,389,contains_adjusted_vaccination_inputs,TRUE,132059767,4156522,79933.11538461539,0.0059,1.1346153846153846e-4,TRUE,ok
233,2024,24,2024-W24,623,1,0.7315138939526632,0.7207946066160285,0.01465356628937576,FALSE,0,0,NA,637,0,4,2.769230769230769,26,25,636,contains_adjusted_vaccination_inputs,TRUE,132059767,4156522,79933.11538461539,0.0059,1.1346153846153846e-4,TRUE,ok
234,2024,25,2024-W25,593,1,0.7315138939526632,0.7207946066160285,0.01465356628937576,FALSE,0,0,NA,471,2,6,3.793103448275862,29,28,470,contains_adjusted_vaccination_inputs,TRUE,132059767,4156522,79933.11538461539,0.0059,1.1346153846153846e-4,TRUE,ok
235,2024,26,2024-W26,556,2,0.7315138939526632,0.7207946066160285,0.01465356628937576,FALSE,0,0,NA,338,0,4,3.1666666666666665,18,18,338,contains_adjusted_vaccination_inputs,TRUE,132059767,4156522,79933.11538461539,0.0059,1.1346153846153846e-4,TRUE,ok
236,2024,27,2024-W27,426,0,0.7315138939526632,0.7207946066160285,0.01465356628937576,FALSE,0,0,NA,224,1,2,3.628571428571429,35,34,223,contains_adjusted_vaccination_inputs,TRUE,132059767,4156522,79933.11538461539,0.0059,1.1346153846153846e-4,TRUE,ok
237,2024,28,2024-W28,516,1,0.7315138939526632,0.7207946066160285,0.01465356628937576,FALSE,0,0,NA,193,1,3,0.925925925925926,27,27,193,contains_adjusted_vaccination_inputs,TRUE,132059767,4156522,79933.11538461539,0.0059,1.1346153846153846e-4,TRUE,ok
238,2024,29,2024-W29,666,2,0.7315138939526632,0.7207946066160285,0.01465356628937576,FALSE,0,0,NA,287,1,18,5.090909090909091,22,20,285,contains_adjusted_vaccination_inputs,TRUE,132059767,4156522,79933.11538461539,0.0059,1.1346153846153846e-4,TRUE,ok
239,2024,30,2024-W30,695,2,0.7315138939526632,0.7207946066160285,0.01465356628937576,FALSE,0,0,NA,245,1,10,2.4285714285714284,14,13,244,contains_adjusted_vaccination_inputs,TRUE,132059767,4156522,79933.11538461539,0.0059,1.1346153846153846e-4,TRUE,ok
240,2024,31,2024-W31,630,7,0.7315138939526632,0.7207946066160285,0.01465356628937576,FALSE,0,0,NA,248,0,12,4.8,20,19,247,contains_adjusted_vaccination_inputs,TRUE,132059767,4156522,79933.11538461539,0.0059,1.1346153846153846e-4,TRUE,ok
241,2024,32,2024-W32,431,2,0.7315138939526632,0.7207946066160285,0.01465356628937576,FALSE,0,0,NA,89,2,5,4.9,10,10,89,contains_adjusted_vaccination_inputs,TRUE,132059767,4156522,79933.11538461539,0.0059,1.1346153846153846e-4,TRUE,ok
242,2024,33,2024-W33,404,2,0.7315138939526632,0.7207946066160285,0.01465356628937576,FALSE,0,0,NA,76,0,6,3.1666666666666665,6,6,76,contains_adjusted_vaccination_inputs,TRUE,132059767,4156522,79933.11538461539,0.0059,1.1346153846153846e-4,TRUE,ok
243,2024,34,2024-W34,349,2,0.7315138939526632,0.7207946066160285,0.01465356628937576,FALSE,0,0,NA,54,1,5.5,5.357142857142857,14,14,54,contains_adjusted_vaccination_inputs,TRUE,132059767,4156522,79933.11538461539,0.0059,1.1346153846153846e-4,TRUE,ok
244,2024,35,2024-W35,289,0,0.7315138939526632,0.7207946066160285,0.01465356628937576,FALSE,0,0,NA,94,4,5,3.142857142857143,14,14,94,contains_adjusted_vaccination_inputs,TRUE,132059767,4156522,79933.11538461539,0.0059,1.1346153846153846e-4,TRUE,ok
245,2024,36,2024-W36,220,0,0.7315138939526632,0.7207946066160285,0.01465356628937576,FALSE,0,0,NA,81,0,6,4.230769230769231,13,12,80,contains_adjusted_vaccination_inputs,TRUE,132059767,4156522,79933.11538461539,0.0059,1.1346153846153846e-4,TRUE,ok
246,2024,37,2024-W37,236,2,0.7315138939526632,0.7207946066160285,0.01465356628937576,FALSE,0,0,NA,139,5,4,4.375,8,7,138,contains_adjusted_vaccination_inputs,TRUE,132059767,4156522,79933.11538461539,0.0059,1.1346153846153846e-4,TRUE,ok
247,2024,38,2024-W38,387,3,0.7315138939526632,0.7207946066160285,0.01465356628937576,FALSE,0,0,NA,281,3,4,3.36,25,25,281,contains_adjusted_vaccination_inputs,TRUE,132059767,4156522,79933.11538461539,0.0059,1.1346153846153846e-4,TRUE,ok
248,2024,39,2024-W39,311,2,0.7315138939526632,0.7207946066160285,0.01465356628937576,FALSE,0,0,NA,220,2,5,2.9375,16,16,220,contains_adjusted_vaccination_inputs,TRUE,132059767,4156522,79933.11538461539,0.0059,1.1346153846153846e-4,TRUE,ok
249,2024,40,2024-W40,202,1,0.7315138939526632,0.7207946066160285,0.01465356628937576,FALSE,0,0,NA,175,2,3,6.379310344827586,29,28,174,contains_adjusted_vaccination_inputs,TRUE,132059767,4156522,79933.11538461539,0.0059,1.1346153846153846e-4,TRUE,ok
250,2024,41,2024-W41,323,1,0.7315138939526632,0.7207946066160285,0.01465356628937576,FALSE,0,0,NA,208,1,3,4.5625,16,13,205,contains_adjusted_vaccination_inputs,TRUE,132059767,4156522,79933.11538461539,0.0059,1.1346153846153846e-4,TRUE,ok
251,2024,42,2024-W42,329,4,0.7315138939526632,0.7207946066160285,0.01465356628937576,FALSE,0,0,NA,234,3,4,7.454545454545454,11,10,233,contains_adjusted_vaccination_inputs,TRUE,132059767,4156522,79933.11538461539,0.0059,1.1346153846153846e-4,TRUE,ok
252,2024,43,2024-W43,380,0,0.7315138939526632,0.7207946066160285,0.01465356628937576,FALSE,0,0,NA,213,0,4,4.068965517241379,29,27,211,contains_adjusted_vaccination_inputs,TRUE,132059767,4156522,79933.11538461539,0.0059,1.1346153846153846e-4,TRUE,ok
253,2024,44,2024-W44,303,1,0.7315138939526632,0.7207946066160285,0.01465356628937576,FALSE,0,0,NA,108,0,5.5,4.888888888888889,18,16,106,contains_adjusted_vaccination_inputs,TRUE,132059767,4156522,79933.11538461539,0.0059,1.1346153846153846e-4,TRUE,ok
254,2024,45,2024-W45,390,2,0.7315138939526632,0.7207946066160285,0.01465356628937576,FALSE,0,0,NA,226,1,5,4.75,20,18,224,contains_adjusted_vaccination_inputs,TRUE,132059767,4156522,79933.11538461539,0.0059,1.1346153846153846e-4,TRUE,ok
255,2024,46,2024-W46,290,3,0.7315138939526632,0.7207946066160285,0.01465356628937576,FALSE,0,0,NA,200,3,5,5.827586206896552,29,29,200,contains_adjusted_vaccination_inputs,TRUE,132059767,4156522,79933.11538461539,0.0059,1.1346153846153846e-4,TRUE,ok
256,2024,47,2024-W47,384,1,0.7315138939526632,0.7207946066160285,0.01465356628937576,FALSE,0,0,NA,215,2,4,3.357142857142857,42,40,213,contains_adjusted_vaccination_inputs,TRUE,132059767,4156522,79933.11538461539,0.0059,1.1346153846153846e-4,TRUE,ok
257,2024,48,2024-W48,348,6,0.7315138939526632,0.7207946066160285,0.01465356628937576,FALSE,0,0,NA,210,1,4,3.827586206896552,29,27,208,contains_adjusted_vaccination_inputs,TRUE,132059767,4156522,79933.11538461539,0.0059,1.1346153846153846e-4,TRUE,ok
258,2024,49,2024-W49,405,0,0.7315138939526632,0.7207946066160285,0.01465356628937576,FALSE,0,0,NA,115,0,4,5.129032258064516,31,29,113,contains_adjusted_vaccination_inputs,TRUE,132059767,4156522,79933.11538461539,0.0059,1.1346153846153846e-4,TRUE,ok
259,2024,50,2024-W50,419,1,0.7315138939526632,0.7207946066160285,0.01465356628937576,FALSE,0,0,NA,78,0,6,3.272727272727273,11,10,77,contains_adjusted_vaccination_inputs,TRUE,132059767,4156522,79933.11538461539,0.0059,1.1346153846153846e-4,TRUE,ok
260,2024,51,2024-W51,445,1,0.7315138939526632,0.7207946066160285,0.01465356628937576,FALSE,0,0,NA,74,0,4,3,8,8,74,contains_adjusted_vaccination_inputs,TRUE,132059767,4156522,79933.11538461539,0.0059,1.1346153846153846e-4,TRUE,ok
261,2024,52,2024-W52,593,4,0.7315138939526632,0.7207946066160285,0.01465356628937576,FALSE,0,0,NA,52,1,4,0,1,1,52,contains_adjusted_vaccination_inputs,TRUE,132059767,4156522,79933.11538461539,0.0059,1.1346153846153846e-4,TRUE,ok
